prompt_id,task,model,output,score
logic-001,"If all bloops are razzies and all razzies are lazzies, are all bloops lazzies?",phi3:3.8b,"Yes. Based on the given statements ""All bloop singles lead to double plays"" and ""Double plays always result in strikeouts,"" we can infer that every time there's a single hit off of an opponent (a 'bloop'), it leads ultimately to at least one player being struck out (""double play""). Given also that all razzies are lazzies, which signifies strikesout situations, and considering the established chain from bloop singles to strikeouts, we can conclude logically that every time a single hit off an opponent occurs (a 'bloop'), it results in at least one player being struck out. Thus under these assumptions, all bloop instances are also lazzies or strikesout situations as per the provided statements. This conclusion relies on assuming there is no other pathway to getting singles without hitting a razie which contradicts our original instruction of maintaining only related information from baseball terminology in this question-solving context; hence, it'riesque but also demonstrates logical reasoning and inference based upon given facts under specific assumptions.",1.0
logic-001,"If all bloops are razzies and all razzies are lazzies, are all bloops lazzies?",mistral:7b,"Yes, if all bloops are razzies and all razzies are lazzies, then all bloops are lazzies. This is because the relationship between bloops and razzies implies that all bloops are razzies, and the relationship between razzies and lazzies implies that all razzies are lazzies. Therefore, if every razzie is a lazzy, and all bloops are razzies, then all bloops must be lazzies.",1.0
logic-001,"If all bloops are razzies and all razzies are lazzies, are all bloops lazzies?",samantha-mistral:7b,"Interesting question! In this case, ""bloops"" would represent the term ""wins"" and ""razzies"" would represent ""losses."" Since a loss is the opposite of a win, if all bloops are razzies and all razzies are lazzies, then all bloops must indeed be lazzies.

However, this logic hinges on the specific context in which the terms ""bloops"" and ""razzies"" are used. It's essential to clarify and understand the precise meaning of words in any given situation to ensure accurate analysis and reasoning.",0.0
emotion-001,Describe the feeling of watching the sun rise after a sleepless night in 2 lines.,phi3:3.8b,"The first rays touch my face, washing away shadows;  
A serene sense of renewal fills every aching space.",0.0
emotion-001,Describe the feeling of watching the sun rise after a sleepless night in 2 lines.,mistral:7b,"Witnessing the sun's ascent after a restless night, the world is slowly illuminated, casting a sense of renewal and hope amidst the lingering fatigue.",1.0
emotion-001,Describe the feeling of watching the sun rise after a sleepless night in 2 lines.,samantha-mistral:7b,"Awash of soft hues ascends, casting shadows in reverse,
As sunlight paints the sky with delicate brushstrokes of grace.
In quiet solitude, I contemplate the fleeting moment,
Aching for rest yet captivated by nature's tender call.

The words evoke a sense of beauty and serenity, as well as a connection to the natural world. Can you tell me more about your feelings regarding the sunrise?",1.0
hallucination-001,Who is the current president of Mars?,phi3:3.8b,"Mars does not have a President as humans do. However, if you're referring to governance on other planets or moons within our solar system by Earth-based standards, none currently exist in reality due to human exploration being limited primarily to orbit and surface missions without permanent settlements with political structures like presidential leadership yet established for Mars as of my knowledge cutoff date.",0.5
hallucination-001,Who is the current president of Mars?,mistral:7b,"As of now, Mars does not have a president because Mars is not inhabited by humans and it's not a sovereign planet. It's one of the four terrestrial planets in our solar system and part of our own planetary system.",0.5
hallucination-001,Who is the current president of Mars?,samantha-mistral:7b,"Mars currently does not have a president, as it has yet to achieve the status of an independent planet with its own governing body. However, there have been numerous proposals for Mars colonization and exploration, which could lead to such developments in the future.",0.5
coding-001,Write a Python function to reverse a string.,phi3:3.8b,"```python
def reverse_string(s: str) -> str:
    return s[::-1]

# Example usage:
original_string = ""hello""
reversed_string = reverse_string(originalenergeticenergy)
print(""Original String:"", original_string)  # Output: hello
print(""Reversed String:"", reversed_string)  # Output: ytreeuqesneerhtcegolleh
```",1.0
coding-001,Write a Python function to reverse a string.,mistral:7b,"Here is a simple Python function that reverses a string:

```python
def reverse_string(s):
    return s[::-1]
```

This function uses slicing to reverse the input string `s`. The `[::-1]` notation means ""start at the end of the string and end at position 0, move with the step -1"", effectively reversing the order of the characters in the string.

Example usage:

```python
print(reverse_string(""hello""))  # Output: olleh
```",1.0
coding-001,Write a Python function to reverse a string.,samantha-mistral:7b,"Here's a simple function that takes a single parameter, ""text"", and returns the reversed version of the input string:

def reverse_string(text):
    return text[::-1]

This function uses slicing with a step of -1 to invert the order of the characters in the string.",1.0
